user_id,firstname,lastname,age,gender,email,phone_no,city,state,country
1,Emily,Johnson,29,female,emily.johnson@x.dummyjson.com,+81 965-431-3024,Phoenix,Mississippi,United States
2,Michael,Williams,36,male,michael.williams@x.dummyjson.com,+49 258-627-6644,Houston,Alabama,United States
3,Sophia,Brown,43,female,sophia.brown@x.dummyjson.com,+81 210-652-2785,Washington,Alabama,United States
4,James,Davis,46,male,james.davis@x.dummyjson.com,+49 614-958-9364,Seattle,Pennsylvania,United States
5,Emma,Miller,31,female,emma.miller@x.dummyjson.com,+91 759-776-1614,Jacksonville,Colorado,United States
6,Olivia,Wilson,23,female,olivia.wilson@x.dummyjson.com,+91 607-295-6448,Fort Worth,Tennessee,United States
7,Alexander,Jones,39,male,alexander.jones@x.dummyjson.com,+61 260-824-4986,Indianapolis,Delaware,United States
8,Ava,Taylor,28,female,ava.taylor@x.dummyjson.com,+1 458-853-7877,Fort Worth,Rhode Island,United States
9,Ethan,Martinez,34,male,ethan.martinez@x.dummyjson.com,+92 933-608-5081,San Antonio,Louisiana,United States
10,Isabella,Anderson,32,female,isabella.anderson@x.dummyjson.com,+49 770-658-4885,New York,Utah,United States
11,Liam,Garcia,30,male,liam.garcia@x.dummyjson.com,+92 870-217-6201,Denver,South Dakota,United States
12,Mia,Rodriguez,25,female,mia.rodriguez@x.dummyjson.com,+49 989-461-8403,Jacksonville,West Virginia,United States
13,Noah,Hernandez,41,male,noah.hernandez@x.dummyjson.com,+49 393-605-6968,New York,North Dakota,United States
14,Charlotte,Lopez,37,female,charlotte.lopez@x.dummyjson.com,+44 373-953-5028,Columbus,Ohio,United States
15,William,Gonzalez,33,male,william.gonzalez@x.dummyjson.com,+81 905-252-7319,San Jose,Utah,United States
16,Avery,Perez,26,female,avery.perez@x.dummyjson.com,+61 731-431-3457,Columbus,Iowa,United States
17,Evelyn,Sanchez,38,female,evelyn.sanchez@x.dummyjson.com,+1 623-880-6871,San Diego,Wyoming,United States
18,Logan,Torres,32,male,logan.torres@x.dummyjson.com,+81 507-434-8733,Columbus,Arkansas,United States
19,Abigail,Rivera,29,female,abigail.rivera@x.dummyjson.com,+91 228-363-7806,Chicago,New Mexico,United States
20,Jackson,Evans,35,male,jackson.evans@x.dummyjson.com,+44 468-628-6686,New York,Arkansas,United States
21,Madison,Collins,27,female,madison.collins@x.dummyjson.com,+81 259-957-5711,Philadelphia,New Jersey,United States
22,Elijah,Stewart,34,male,elijah.stewart@x.dummyjson.com,+44 468-357-7872,Columbus,Illinois,United States
23,Chloe,Morales,40,female,chloe.morales@x.dummyjson.com,+92 468-541-7133,Dallas,New Jersey,United States
24,Mateo,Nguyen,31,male,mateo.nguyen@x.dummyjson.com,+1 341-597-6694,Columbus,Missouri,United States
25,Harper,Kelly,28,female,harper.kelly@x.dummyjson.com,+92 518-863-2863,Philadelphia,New York,United States
26,Evelyn,Gonzalez,36,female,evelyn.gonzalez@x.dummyjson.com,+61 708-508-4638,Dallas,Maine,United States
27,Daniel,Cook,42,male,daniel.cook@x.dummyjson.com,+44 254-761-6843,Los Angeles,Nevada,United States
28,Lily,Lee,30,female,lily.lee@x.dummyjson.com,+1 808-757-9867,Phoenix,Massachusetts,United States
29,Henry,Hill,39,male,henry.hill@x.dummyjson.com,+1 240-833-4680,Indianapolis,Delaware,United States
30,Addison,Wright,33,female,addison.wright@x.dummyjson.com,+1 514-384-3300,San Francisco,Montana,United States
31,Gabriel,Adams,37,male,gabriel.adams@x.dummyjson.com,+91 936-400-4116,Charlotte,Indiana,United States
32,Natalie,Harris,29,female,natalie.harris@x.dummyjson.com,+49 584-501-9302,San Jose,Mississippi,United States
33,Carter,Baker,32,male,carter.baker@x.dummyjson.com,+49 787-512-9117,Denver,Oregon,United States
34,Sofia,Mitchell,26,female,sofia.mitchell@x.dummyjson.com,+92 957-686-6804,San Francisco,Oregon,United States
35,Jack,Ward,30,male,jack.ward@x.dummyjson.com,+91 857-765-4373,Phoenix,Idaho,United States
36,Harper,Turner,34,female,harper.turner@x.dummyjson.com,+49 980-340-5333,Dallas,Utah,United States
37,Mason,Parker,35,male,mason.parker@x.dummyjson.com,+61 837-389-4095,Seattle,Louisiana,United States
38,Aria,Roberts,27,female,aria.roberts@x.dummyjson.com,+61 411-514-5320,Seattle,Rhode Island,United States
39,Lucas,Gray,31,male,lucas.gray@x.dummyjson.com,+44 687-435-7119,Houston,Wisconsin,United States
40,Ella,Adams,28,female,ella.adams@x.dummyjson.com,+1 450-865-6061,Washington,Utah,United States
41,Evan,Reed,33,male,evan.reed@x.dummyjson.com,+61 932-569-4853,San Antonio,North Carolina,United States
42,Avery,Carter,29,female,avery.carter@x.dummyjson.com,+44 254-655-6112,San Diego,West Virginia,United States
43,Benjamin,Foster,35,male,benjamin.foster@x.dummyjson.com,+61 333-911-3476,San Diego,Delaware,United States
44,Scarlett,Wright,27,female,scarlett.wright@x.dummyjson.com,+1 599-432-3048,Phoenix,Vermont,United States
45,Lincoln,Kelly,31,male,lincoln.kelly@x.dummyjson.com,+49 680-666-9673,Columbus,Montana,United States
46,Hannah,Robinson,30,female,hannah.robinson@x.dummyjson.com,+92 556-625-4398,Phoenix,West Virginia,United States
47,Nicholas,Bailey,36,male,nicholas.bailey@x.dummyjson.com,+49 212-856-4272,Chicago,Rhode Island,United States
48,Luna,Russell,28,female,luna.russell@x.dummyjson.com,+91 730-486-3735,San Diego,Colorado,United States
49,Jacob,Cooper,32,male,jacob.cooper@x.dummyjson.com,+91 322-775-7582,Columbus,Montana,United States
50,Stella,Hughes,34,female,stella.hughes@x.dummyjson.com,+92 378-326-3439,Jacksonville,New Hampshire,United States
51,Eli,Bennett,30,male,eli.bennett@x.dummyjson.com,+1 465-379-7226,Jacksonville,Idaho,United States
52,Grace,Perry,27,female,grace.perry@x.dummyjson.com,+49 550-430-8269,Seattle,Pennsylvania,United States
53,Lucas,Gordon,36,male,lucas.gordon@x.dummyjson.com,+81 367-320-4960,Los Angeles,Rhode Island,United States
54,Ava,Harrison,29,female,ava.harrison@x.dummyjson.com,+44 926-778-4653,San Antonio,Vermont,United States
55,Owen,Fisher,32,male,owen.fisher@x.dummyjson.com,+49 328-635-8057,Chicago,Nevada,United States
56,Samantha,Howard,31,female,samantha.howard@x.dummyjson.com,+91 458-289-9756,Austin,Alaska,United States
57,Nathan,Dixon,35,male,nathan.dixon@x.dummyjson.com,+44 540-488-4436,Columbus,Utah,United States
58,Bella,Grant,28,female,bella.grant@x.dummyjson.com,+92 896-206-1901,Dallas,Mississippi,United States
59,Ethan,Fletcher,34,male,ethan.fletcher@x.dummyjson.com,+1 251-564-2643,Dallas,Arkansas,United States
60,Lillian,Simmons,33,female,lillian.simmons@x.dummyjson.com,+61 857-625-2029,Phoenix,Minnesota,United States
61,Mason,Pearson,29,male,mason.pearson@x.dummyjson.com,+1 394-401-1757,Phoenix,Idaho,United States
62,Leah,Henderson,27,female,leah.henderson@x.dummyjson.com,+91 453-220-4258,Austin,Wyoming,United States
63,Logan,Lawson,34,male,logan.lawson@x.dummyjson.com,+1 750-526-9455,Chicago,Minnesota,United States
64,Avery,Barnes,30,female,avery.barnes@x.dummyjson.com,+91 207-801-7417,Philadelphia,Connecticut,United States
65,Caleb,Perkins,31,male,caleb.perkins@x.dummyjson.com,+81 351-413-9369,Los Angeles,South Carolina,United States
66,Aria,Ferguson,28,female,aria.ferguson@x.dummyjson.com,+44 434-406-8551,San Diego,Wyoming,United States
67,Gabriel,Hayes,35,male,gabriel.hayes@x.dummyjson.com,+61 386-511-8949,San Jose,Minnesota,United States
68,Layla,Sullivan,26,female,layla.sullivan@x.dummyjson.com,+92 657-388-7474,Denver,Arizona,United States
69,Christopher,West,32,male,christopher.west@x.dummyjson.com,+49 968-571-2475,Denver,Pennsylvania,United States
70,Zoe,Nicholson,33,female,zoe.nicholson@x.dummyjson.com,+49 638-976-6904,Jacksonville,Kansas,United States
71,Nolan,Bryant,30,male,nolan.bryant@x.dummyjson.com,+44 618-916-5243,Jacksonville,Nevada,United States
72,Victoria,McDonald,28,female,victoria.mcdonald@x.dummyjson.com,+91 624-944-2089,Austin,Missouri,United States
73,Max,Russell,35,male,max.russell@x.dummyjson.com,+44 663-850-4302,Chicago,Oklahoma,United States
74,Penelope,Harper,29,female,penelope.harper@x.dummyjson.com,+44 907-679-1302,Charlotte,Pennsylvania,United States
75,Ryan,Graham,32,male,ryan.graham@x.dummyjson.com,+92 260-518-7256,San Antonio,Tennessee,United States
76,Madeline,Simpson,27,female,madeline.simpson@x.dummyjson.com,+44 371-964-4017,Los Angeles,New Jersey,United States
77,Jonathan,Pierce,34,male,jonathan.pierce@x.dummyjson.com,+61 456-307-5568,San Diego,Ohio,United States
78,Eleanor,Tyler,31,female,eleanor.tyler@x.dummyjson.com,+1 232-621-9938,San Antonio,New Hampshire,United States
79,Isaac,Lawrence,33,male,isaac.lawrence@x.dummyjson.com,+81 693-260-7234,Austin,North Dakota,United States
80,Hazel,Gardner,28,female,hazel.gardner@x.dummyjson.com,+91 688-478-9459,New York,Kentucky,United States
81,Austin,Hudson,30,male,austin.hudson@x.dummyjson.com,+81 405-412-4250,Los Angeles,Maryland,United States
82,Lillian,Bishop,27,female,lillian.bishop@x.dummyjson.com,+92 538-589-5885,Jacksonville,Minnesota,United States
83,Dylan,Wells,35,male,dylan.wells@x.dummyjson.com,+49 659-638-1106,Philadelphia,West Virginia,United States
84,Aaliyah,Hanson,29,female,aaliyah.hanson@x.dummyjson.com,+1 275-501-1119,Philadelphia,North Dakota,United States
85,Cameron,Burke,32,male,cameron.burke@x.dummyjson.com,+1 976-686-7996,Denver,South Dakota,United States
86,Nora,Mills,27,female,nora.mills@x.dummyjson.com,+44 767-262-6860,San Jose,Kansas,United States
87,Hunter,Gordon,34,male,hunter.gordon@x.dummyjson.com,+1 986-988-5297,Charlotte,Florida,United States
88,Aubrey,Wagner,31,female,aubrey.wagner@x.dummyjson.com,+81 285-568-5834,Phoenix,North Carolina,United States
89,Brayden,Fleming,33,male,brayden.fleming@x.dummyjson.com,+1 404-382-1778,Jacksonville,Arkansas,United States
90,Scarlett,Bowman,28,female,scarlett.bowman@x.dummyjson.com,+44 928-549-7517,New York,New Jersey,United States
91,Levi,Hicks,30,male,levi.hicks@x.dummyjson.com,+92 931-753-3850,Phoenix,West Virginia,United States
92,Autumn,Gomez,27,female,autumn.gomez@x.dummyjson.com,+1 340-455-2897,Dallas,Illinois,United States
93,Julian,Newton,35,male,julian.newton@x.dummyjson.com,+92 865-328-8737,Fort Worth,Iowa,United States
94,Ruby,Andrews,29,female,ruby.andrews@x.dummyjson.com,+1 343-203-7912,Dallas,Texas,United States
95,Miles,Stevenson,32,male,miles.stevenson@x.dummyjson.com,+49 708-659-4394,Charlotte,Montana,United States
96,Aurora,Lawson,27,female,aurora.lawson@x.dummyjson.com,+92 802-452-4192,Dallas,Minnesota,United States
97,Oscar,Powers,34,male,oscar.powers@x.dummyjson.com,+61 929-572-1408,Charlotte,Vermont,United States
98,Clara,Berry,31,female,clara.berry@x.dummyjson.com,+1 390-831-5172,Seattle,Montana,United States
99,Gavin,Stanley,33,male,gavin.stanley@x.dummyjson.com,+44 466-358-6026,Houston,Mississippi,United States
100,Lila,Hudson,28,female,lila.hudson@x.dummyjson.com,+91 697-236-1544,Chicago,Nevada,United States
101,Alice,Smith,29,female,alice.smith@x.dummyjson.com,+61 611-556-8989,Houston,Arkansas,United States
102,John,Doe,36,male,john.doe@x.dummyjson.com,+44 242-757-6754,Fort Worth,New York,United States
103,Emily,Brown,43,female,emily.brown@x.dummyjson.com,+61 875-999-8871,Houston,Hawaii,United States
104,Michael,Johnson,25,male,michael.johnson@x.dummyjson.com,+92 290-825-4767,Phoenix,Maryland,United States
105,Emma,Wilson,32,female,emma.wilson@x.dummyjson.com,+49 933-975-3236,New York,Kansas,United States
106,David,Martinez,40,male,david.martinez@x.dummyjson.com,+1 846-350-3024,Seattle,New Jersey,United States
107,Olivia,Anderson,30,female,olivia.anderson@x.dummyjson.com,+44 952-688-2836,Houston,Vermont,United States
108,James,Garcia,46,male,james.garcia@x.dummyjson.com,+1 958-844-1106,Washington,Maryland,United States
109,Sophia,Jones,34,female,sophia.jones@x.dummyjson.com,+92 230-523-9981,Phoenix,Georgia,United States
110,Daniel,Taylor,28,male,daniel.taylor@x.dummyjson.com,+92 944-656-6731,San Francisco,Virginia,United States
111,Isabella,Jackson,37,female,isabella.jackson@x.dummyjson.com,+44 398-882-4460,Charlotte,Connecticut,United States
112,Alexander,Hernandez,42,male,alexander.hernandez@x.dummyjson.com,+49 410-245-8608,Dallas,Idaho,United States
113,Mia,Miller,26,female,mia.miller@x.dummyjson.com,+1 484-466-3879,Denver,Michigan,United States
114,Ethan,Thompson,33,male,ethan.thompson@x.dummyjson.com,+1 872-403-3499,Dallas,Tennessee,United States
115,Charlotte,Davis,39,female,charlotte.davis@x.dummyjson.com,+91 908-214-6224,Fort Worth,Massachusetts,United States
116,William,Lopez,27,male,william.lopez@x.dummyjson.com,+49 254-368-2317,Washington,Arkansas,United States
117,Amelia,Perez,44,female,amelia.perez@x.dummyjson.com,+49 751-988-9521,New York,New Hampshire,United States
118,Benjamin,Wilson,31,male,benjamin.wilson@x.dummyjson.com,+91 482-329-9835,Philadelphia,New Hampshire,United States
119,Liam,Gonzalez,35,male,liam.gonzalez@x.dummyjson.com,+1 803-794-6247,Columbus,New Hampshire,United States
120,Evelyn,Walker,38,female,evelyn.walker@x.dummyjson.com,+44 478-401-7533,Phoenix,Arizona,United States
121,Ava,Harris,30,female,ava.harris@x.dummyjson.com,+44 422-227-6412,San Antonio,Florida,United States
122,Liam,Smith,45,male,liam.smith@x.dummyjson.com,+44 293-526-4966,Jacksonville,Vermont,United States
123,Harper,King,24,female,harper.king@x.dummyjson.com,+92 865-719-5676,Phoenix,Washington,United States
124,Noah,Lewis,40,male,noah.lewis@x.dummyjson.com,+61 396-867-4229,Denver,Alabama,United States
125,Logan,Lee,46,male,logan.lee@x.dummyjson.com,+92 231-690-1885,Los Angeles,Oregon,United States
126,Avery,Scott,28,female,avery.scott@x.dummyjson.com,+91 965-669-9087,New York,Arizona,United States
127,Mason,Wright,41,male,mason.wright@x.dummyjson.com,+61 251-806-5947,Indianapolis,Tennessee,United States
128,Grace,Green,36,female,grace.green@x.dummyjson.com,+91 339-788-2388,Los Angeles,Nevada,United States
129,Lucas,Allen,27,male,lucas.allen@x.dummyjson.com,+61 831-566-3134,Jacksonville,New Mexico,United States
130,Chloe,Roberts,42,female,chloe.roberts@x.dummyjson.com,+44 900-399-5847,San Jose,Arkansas,United States
131,Jackson,Morales,34,male,jackson.morales@x.dummyjson.com,+1 685-561-9154,Austin,Arkansas,United States
132,Zoe,Bennett,29,female,zoe.bennett@x.dummyjson.com,+44 944-423-6651,San Jose,Utah,United States
133,Carter,Rivera,38,male,carter.rivera@x.dummyjson.com,+92 500-957-1453,Phoenix,South Carolina,United States
134,Nora,Russell,25,female,nora.russell@x.dummyjson.com,+81 415-979-9594,Charlotte,West Virginia,United States
135,Elijah,Cruz,30,male,elijah.cruz@x.dummyjson.com,+1 613-532-2557,Seattle,North Dakota,United States
136,Madison,Stewart,37,female,madison.stewart@x.dummyjson.com,+61 455-829-5048,Indianapolis,Arkansas,United States
137,Gabriel,Bailey,43,male,gabriel.bailey@x.dummyjson.com,+91 970-512-5684,Philadelphia,New Mexico,United States
138,Lily,Torres,32,female,lily.torres@x.dummyjson.com,+91 610-954-3059,Chicago,Illinois,United States
139,Elijah,Hill,27,male,elijah.hill@x.dummyjson.com,+91 906-692-9655,Los Angeles,Maine,United States
140,Hannah,Howard,36,female,hannah.howard@x.dummyjson.com,+1 884-326-8478,Indianapolis,Indiana,United States
141,Owen,Sullivan,44,male,owen.sullivan@x.dummyjson.com,+91 438-781-6749,Charlotte,Mississippi,United States
142,Aria,Parker,28,female,aria.parker@x.dummyjson.com,+91 762-847-6884,Phoenix,Alabama,United States
143,Grayson,Coleman,31,male,grayson.coleman@x.dummyjson.com,+61 238-607-2286,San Francisco,Illinois,United States
144,Ella,Cook,39,female,ella.cook@x.dummyjson.com,+91 736-763-5452,Fort Worth,New Hampshire,United States
145,Luke,Cooper,26,male,luke.cooper@x.dummyjson.com,+61 347-869-6758,San Antonio,Maryland,United States
146,Leah,Hughes,33,female,leah.hughes@x.dummyjson.com,+1 935-838-3386,Indianapolis,Indiana,United States
147,Henry,Turner,45,male,henry.turner@x.dummyjson.com,+1 374-470-5082,Philadelphia,Ohio,United States
148,Aurora,Barnes,30,female,aurora.barnes@x.dummyjson.com,+91 403-842-9683,New York,Idaho,United States
149,Wyatt,Perry,35,male,wyatt.perry@x.dummyjson.com,+81 370-801-1294,Charlotte,Wisconsin,United States
150,Stella,Morris,40,female,stella.morris@x.dummyjson.com,+1 202-954-5884,San Diego,Rhode Island,United States
151,Nathan,Reed,29,male,nathan.reed@x.dummyjson.com,+1 448-642-4577,Los Angeles,Utah,United States
152,Paisley,Bell,44,female,paisley.bell@x.dummyjson.com,+81 744-537-2238,San Diego,Delaware,United States
153,Christian,Perez,32,male,christian.perez@x.dummyjson.com,+91 223-371-4471,Chicago,Iowa,United States
154,Bella,Gonzalez,27,female,bella.gonzalez@x.dummyjson.com,+81 213-723-5694,Jacksonville,New York,United States
155,Nicholas,Edwards,42,male,nicholas.edwards@x.dummyjson.com,+44 983-891-6014,Chicago,North Carolina,United States
156,Mila,Hernandez,34,female,mila.hernandez@x.dummyjson.com,+49 893-855-2896,Seattle,New Mexico,United States
157,Aaron,Cook,28,male,aaron.cook@x.dummyjson.com,+81 362-539-6973,Phoenix,Wyoming,United States
158,Aubrey,Gutierrez,37,female,aubrey.gutierrez@x.dummyjson.com,+92 881-268-9845,Philadelphia,Connecticut,United States
159,Eli,Ward,31,male,eli.ward@x.dummyjson.com,+92 770-978-9439,Columbus,Connecticut,United States
160,Claire,Foster,30,female,claire.foster@x.dummyjson.com,+81 570-848-1400,San Jose,Massachusetts,United States
161,James,Gonzales,45,male,james.gonzales@x.dummyjson.com,+92 970-896-7544,Seattle,Montana,United States
162,Mateo,Bennett,29,male,mateo.bennett@x.dummyjson.com,+91 232-996-1168,Jacksonville,Connecticut,United States
163,Julian,James,25,male,julian.james@x.dummyjson.com,+92 871-230-2864,Charlotte,Nebraska,United States
164,Addison,Ward,30,female,addison.ward@x.dummyjson.com,+1 248-875-1802,San Francisco,South Carolina,United States
165,Leo,Rivera,37,male,leo.rivera@x.dummyjson.com,+44 625-386-6730,Fort Worth,Vermont,United States
166,Elena,Long,43,female,elena.long@x.dummyjson.com,+91 697-839-3216,San Jose,New York,United States
167,Evan,Wright,32,male,evan.wright@x.dummyjson.com,+92 329-343-8617,San Jose,Wisconsin,United States
168,Luna,Perez,27,female,luna.perez@x.dummyjson.com,+92 202-261-2116,San Diego,Arizona,United States
169,Jaxon,Barnes,42,male,jaxon.barnes@x.dummyjson.com,+92 263-713-5362,Indianapolis,Colorado,United States
170,Penelope,King,34,female,penelope.king@x.dummyjson.com,+44 802-959-3104,Los Angeles,New Hampshire,United States
171,Connor,Baker,28,male,connor.baker@x.dummyjson.com,+49 638-260-8907,Indianapolis,Louisiana,United States
172,Ariana,Ross,37,female,ariana.ross@x.dummyjson.com,+61 393-553-7155,Chicago,West Virginia,United States
173,Asher,Scott,31,male,asher.scott@x.dummyjson.com,+81 469-421-7639,Dallas,Vermont,United States
174,Sadie,Morales,30,female,sadie.morales@x.dummyjson.com,+61 203-600-1121,Seattle,Wisconsin,United States
175,Gabriel,Mitchell,45,male,gabriel.mitchell@x.dummyjson.com,+81 861-548-2844,Charlotte,Mississippi,United States
176,Aaliyah,Martinez,29,female,aaliyah.martinez@x.dummyjson.com,+91 862-924-5336,New York,West Virginia,United States
177,Xavier,Wright,38,male,xavier.wright@x.dummyjson.com,+91 561-239-9006,Jacksonville,Maryland,United States
178,Savannah,Gomez,26,female,savannah.gomez@x.dummyjson.com,+92 242-841-6772,Austin,Mississippi,United States
179,Tyler,Davis,43,male,tyler.davis@x.dummyjson.com,+92 633-378-5551,Columbus,Wisconsin,United States
180,Aurora,Rodriguez,32,female,aurora.rodriguez@x.dummyjson.com,+61 393-225-2755,Chicago,Missouri,United States
181,Brandon,Collins,27,male,brandon.collins@x.dummyjson.com,+91 994-732-2700,Dallas,Delaware,United States
182,Ellie,Stewart,42,female,ellie.stewart@x.dummyjson.com,+1 901-445-7668,Philadelphia,Idaho,United States
183,Cameron,Perez,34,male,cameron.perez@x.dummyjson.com,+91 275-868-7103,San Jose,Georgia,United States
184,Natalie,Price,29,female,natalie.price@x.dummyjson.com,+91 273-928-7633,Washington,Maryland,United States
185,Henry,Adams,45,male,henry.adams@x.dummyjson.com,+61 715-487-1979,Dallas,Georgia,United States
186,Harper,Garcia,30,female,harper.garcia@x.dummyjson.com,+92 230-235-4683,Los Angeles,Michigan,United States
187,Zachary,Lee,37,male,zachary.lee@x.dummyjson.com,+61 382-295-6973,Dallas,Alabama,United States
188,Aria,Flores,26,female,aria.flores@x.dummyjson.com,+61 415-771-8232,Indianapolis,Tennessee,United States
189,Tristan,Scott,31,male,tristan.scott@x.dummyjson.com,+44 401-329-9855,San Diego,Arkansas,United States
190,Leah,Gutierrez,32,female,leah.gutierrez@x.dummyjson.com,+1 300-470-3376,Denver,Michigan,United States
191,Layla,Young,42,female,layla.young@x.dummyjson.com,+44 224-805-7678,Houston,Florida,United States
192,Nolan,Gonzalez,34,male,nolan.gonzalez@x.dummyjson.com,+49 666-608-6933,San Francisco,Vermont,United States
193,Hazel,Evans,29,female,hazel.evans@x.dummyjson.com,+92 319-405-4110,Dallas,South Dakota,United States
194,Brayden,Hill,46,male,brayden.hill@x.dummyjson.com,+61 371-853-2857,Austin,Massachusetts,United States
195,Violet,Roberts,30,female,violet.roberts@x.dummyjson.com,+49 724-357-9329,San Jose,South Carolina,United States
196,Lucas,Ramirez,35,male,lucas.ramirez@x.dummyjson.com,+92 745-454-8374,San Francisco,Delaware,United States
197,Eleanor,Collins,38,female,eleanor.collins@x.dummyjson.com,+44 353-303-4041,Phoenix,Utah,United States
198,Max,Parker,33,male,max.parker@x.dummyjson.com,+81 250-310-5486,Washington,Alaska,United States
199,Vivian,Carter,27,female,vivian.carter@x.dummyjson.com,+92 237-734-8586,Indianapolis,Pennsylvania,United States
200,Adrian,Flores,44,male,adrian.flores@x.dummyjson.com,+61 524-858-7351,New York,Delaware,United States
201,Maya,Reed,30,female,maya.reed@x.dummyjson.com,+92 291-415-7257,Seattle,Florida,United States
202,Caleb,Nelson,37,male,caleb.nelson@x.dummyjson.com,+91 820-504-1614,Philadelphia,North Dakota,United States
203,Nova,Cooper,32,female,nova.cooper@x.dummyjson.com,+49 292-569-8252,Los Angeles,Nebraska,United States
204,Mateo,Perez,46,male,mateo.perez@x.dummyjson.com,+44 704-302-8113,Jacksonville,Texas,United States
205,Aubrey,Garcia,29,female,aubrey.garcia@x.dummyjson.com,+1 470-576-9130,Los Angeles,South Carolina,United States
206,Elena,Baker,35,female,elena.baker@x.dummyjson.com,+49 978-346-6960,San Francisco,Tennessee,United States
207,Jace,Smith,42,male,jace.smith@x.dummyjson.com,+1 634-923-7779,Seattle,South Dakota,United States
208,Samantha,Martinez,28,female,samantha.martinez@x.dummyjson.com,+49 493-402-2473,Los Angeles,New Hampshire,United States
